Username,body,nonfl,money,humans,sad,past,Quant,anger,home,sexual,NEGEMO,inhib,family,space,filler,third_person,anx,negemo,number_words,swear,health,Numb,time,Affect,cause,friend,relig,number_classified_words,social,leisure,sensory,first_person,second_person,present,cognitive,POSEMO,work,ingest,motion,future,achieve,posemo,Openness,Extraversion,Neuroticism,Agreeableness,Conscientiousness
austinlugo1,0.0,0.0,0.0,0.0,0.0,0.0,0.0,0.0,0.0,0.0,5.772325020112631,0.0,0.0,0.0,0.0,0.0,0.0,5.772325020112631,9944.0,0.0,0.0,0.0,0.0,0.0,0.0,0.0,0.0,9.845132743362832,0.0,0.0,0.0,0.0,0.0,0.0,0.0,4.072807723250201,0.0,0.0,0.0,0.0,0.0,4.072807723250201,0.021335065989847714,0.010676032632342269,-0.0038441914430746957,-0.01667530819434373,-0.0056969434372733906
KikiBeadles,0.0,0.0,0.0,0.0,0.0,0.0,0.0,0.0,0.0,0.0,5.5288310381688985,0.0,0.0,0.0,0.0,0.0,0.0,5.5288310381688985,63612.0,0.0,0.0,0.0,0.0,0.0,0.0,0.0,0.0,9.911651889580583,0.0,0.0,0.0,0.0,0.0,0.0,0.0,4.382820851411683,0.0,0.0,0.0,0.0,0.0,4.382820851411683,0.05018003830288732,0.011755565900608923,-0.010596397957179322,-0.010358959143586723,-0.004089450991946569
ProdigySteve23,0.0,0.0,0.0,0.0,0.0,0.0,0.0,0.0,0.0,0.0,6.329113924050633,0.0,0.0,0.0,0.0,0.0,0.0,6.329113924050633,4187.0,0.0,0.0,0.0,0.0,0.0,0.0,0.0,0.0,9.768330546930978,0.0,0.0,0.0,0.0,0.0,0.0,0.0,3.439216622880344,0.0,0.0,0.0,0.0,0.0,3.439216622880344,0.01795070515463918,0.011064362886597937,-0.007626878350515467,-0.019837901030927845,-0.008715428865979381
erikaromanos,0.0,0.0,0.0,0.0,0.0,0.0,0.0,0.0,0.0,0.0,5.683060109289618,0.0,0.0,0.0,0.0,0.0,0.0,5.683060109289618,20130.0,0.0,0.0,0.0,0.0,0.0,0.0,0.0,0.0,9.985096870342772,0.0,0.0,0.0,0.0,0.0,0.0,0.0,4.302036761053155,0.0,0.0,0.0,0.0,0.0,4.302036761053155,0.027070329485329437,0.012567357383357397,-0.009062482924482928,-0.006207649350649352,-0.0008838888888888882
It_sCinaa,0.0,0.0,0.0,0.0,0.0,0.0,0.0,0.0,0.0,0.0,5.514680758980433,0.0,0.0,0.0,0.0,0.0,0.0,5.514680758980433,43901.0,0.0,0.0,0.0,0.0,0.0,0.0,0.0,0.0,8.885902371244391,0.0,0.0,0.0,0.0,0.0,0.0,0.0,3.3712216122639576,0.0,0.0,0.0,0.0,0.0,3.3712216122639576,0.031853163400294135,0.005924988241058363,-0.007049656295933354,-0.01646228000979907,-0.006273404213620764
Dswain_2,0.0,0.0,0.0,0.0,0.0,0.0,0.0,0.0,0.0,0.0,6.45836239363928,0.0,0.0,0.0,0.0,0.0,0.0,6.45836239363928,21507.0,0.0,0.0,0.0,0.0,0.0,0.0,0.0,0.0,9.666620170177152,0.0,0.0,0.0,0.0,0.0,0.0,0.0,3.2082577765378715,0.0,0.0,0.0,0.0,0.0,3.2082577765378715,0.018428859768549993,0.011173702178352651,-0.007280010211027902,-0.02062489823008842,-0.00783616609938733
adoreshayyyy,0.0,0.0,0.0,0.0,0.0,0.0,0.0,0.0,0.0,0.0,8.289156626506024,0.0,0.0,0.0,0.0,0.0,0.0,8.289156626506024,8300.0,0.0,0.0,0.0,0.0,0.0,0.0,0.0,0.0,12.662650602409638,0.0,0.0,0.0,0.0,0.0,0.0,0.0,4.373493975903615,0.0,0.0,0.0,0.0,0.0,4.373493975903615,0.039675235138705404,0.011962540290620877,-0.009699385733157196,-0.02090659048877147,-0.004703702774108322
sydraenielsen,0.0,0.0,0.0,0.0,0.0,0.0,0.0,0.0,0.0,0.0,6.991838113697388,0.0,0.0,0.0,0.0,0.0,0.0,6.991838113697388,56237.0,0.0,0.0,0.0,0.0,0.0,0.0,0.0,0.0,13.656489499795509,0.0,0.0,0.0,0.0,0.0,0.0,0.0,6.664651386098121,0.0,0.0,0.0,0.0,0.0,6.664651386098121,0.027500321527012164,0.011607409178610846,-0.010571612320837923,-0.009020363561190698,-0.004684703280044101
lollykemblowski,0.0,0.0,0.0,0.0,0.0,0.0,0.0,0.0,0.0,0.0,4.918755163866703,0.0,0.0,0.0,0.0,0.0,0.0,4.918755163866703,18155.0,0.0,0.0,0.0,0.0,0.0,0.0,0.0,0.0,10.079867805012393,0.0,0.0,0.0,0.0,0.0,0.0,0.0,5.16111264114569,0.0,0.0,0.0,0.0,0.0,5.16111264114569,0.009670733854520698,0.011420463630183566,-0.0029889843643779767,-0.0006874592114208069,-0.00033061318830727385
KQuail8,0.0,0.0,0.0,0.0,0.0,0.0,0.0,0.0,0.0,0.0,4.846401242098259,0.0,0.0,0.0,0.0,0.0,0.0,4.846401242098259,9017.0,0.0,0.0,0.0,0.0,0.0,0.0,0.0,0.0,10.025507374958412,0.0,0.0,0.0,0.0,0.0,0.0,0.0,5.179106132860153,0.0,0.0,0.0,0.0,0.0,5.179106132860153,0.037243022959183664,0.016852408163265303,-0.007909793367346946,-0.006920727040816333,-0.0006542920918367349
PeteWoytowich,0.0,0.0,0.0,0.0,0.0,0.0,0.0,0.0,0.0,0.0,5.7684450714214135,0.0,0.0,0.0,0.0,0.0,0.0,5.7684450714214135,129723.0,0.0,0.0,0.0,0.0,0.0,0.0,0.0,0.0,9.316774974368462,0.0,0.0,0.0,0.0,0.0,0.0,0.0,3.5483299029470485,0.0,0.0,0.0,0.0,0.0,3.5483299029470485,0.02188509764503152,0.014439903862722491,-0.00979041829408396,-0.018867556720275538,-0.009021388569787396
TannerGotTweets,0.0,0.0,0.0,0.0,0.0,0.0,0.0,0.0,0.0,0.0,4.101421344254397,0.0,0.0,0.0,0.0,0.0,0.0,4.101421344254397,16604.0,0.0,0.0,0.0,0.0,0.0,0.0,0.0,0.0,8.046253914719344,0.0,0.0,0.0,0.0,0.0,0.0,0.0,3.944832570464948,0.0,0.0,0.0,0.0,0.0,3.944832570464948,0.02307982978723401,0.008774137330754361,-0.0016668496131528074,0.0004599298839458411,0.0016578931334622826
damonburtjr,0.0,0.0,0.0,0.0,0.0,0.0,0.0,0.0,0.0,0.0,4.2349726775956285,0.0,0.0,0.0,0.0,0.0,0.0,4.2349726775956285,24156.0,0.0,0.0,0.0,0.0,0.0,0.0,0.0,0.0,8.279516476237788,0.0,0.0,0.0,0.0,0.0,0.0,0.0,4.0445437986421595,0.0,0.0,0.0,0.0,0.0,4.0445437986421595,0.013896839117859697,0.012446827187274054,-0.000266127621113521,-0.005965155820679674,-0.0009960939985538683
AlexisFreas,0.0,0.0,0.0,0.0,0.0,0.0,0.0,0.0,0.0,0.0,5.470892048715169,0.0,0.0,0.0,0.0,0.0,0.0,5.470892048715169,15683.0,0.0,0.0,0.0,0.0,0.0,0.0,0.0,0.0,10.061850411273353,0.0,0.0,0.0,0.0,0.0,0.0,0.0,4.590958362558184,0.0,0.0,0.0,0.0,0.0,4.590958362558184,0.015192372162485044,0.013959227598566304,-0.006401866786140978,-0.007453418160095585,-0.0034973793309438497
LarcaRocco,0.0,0.0,0.0,0.0,0.0,0.0,0.0,0.0,0.0,0.0,4.646660212971926,0.0,0.0,0.0,0.0,0.0,0.0,4.646660212971926,2066.0,0.0,0.0,0.0,0.0,0.0,0.0,0.0,0.0,7.696030977734753,0.0,0.0,0.0,0.0,0.0,0.0,0.0,3.0493707647628265,0.0,0.0,0.0,0.0,0.0,3.0493707647628265,0.021662944954128453,0.004630070336391438,-0.002088336391437308,-0.000993192660550459,0.0009982201834862383
Payton_HCO,0.0,0.0,0.0,0.0,0.0,0.0,0.0,0.0,0.0,0.0,4.337686567164179,0.0,0.0,0.0,0.0,0.0,0.0,4.337686567164179,4288.0,0.0,0.0,0.0,0.0,0.0,0.0,0.0,0.0,13.805970149253731,0.0,0.0,0.0,0.0,0.0,0.0,0.0,9.468283582089553,0.0,0.0,0.0,0.0,0.0,9.468283582089553,0.010185912962962973,0.009875788888888891,-0.0015514888888888876,-0.00890671851851852,-0.0008271037037037039
ftony24,0.0,0.0,0.0,0.0,0.0,0.0,0.0,0.0,0.0,0.0,5.878410247498945,0.0,0.0,0.0,0.0,0.0,0.0,5.878410247498945,40283.0,0.0,0.0,0.0,0.0,0.0,0.0,0.0,0.0,11.136211305017005,0.0,0.0,0.0,0.0,0.0,0.0,0.0,5.257801057518059,0.0,0.0,0.0,0.0,0.0,5.257801057518059,0.01682466437994715,0.019374027440633244,-0.003377864643799467,-0.027161786543535595,-0.008021528496042202
_miic,0.0,0.0,0.0,0.0,0.0,0.0,0.0,0.0,0.0,0.0,5.583041421400455,0.0,0.0,0.0,0.0,0.0,0.0,5.583041421400455,55382.0,0.0,0.0,0.0,0.0,0.0,0.0,0.0,0.0,10.987324401430067,0.0,0.0,0.0,0.0,0.0,0.0,0.0,5.404282980029612,0.0,0.0,0.0,0.0,0.0,5.404282980029612,0.03585149990467116,0.014078801334604419,-0.008715791420400383,-0.007318829551954233,-0.0010749315538608232
_PhalenEllese,0.0,0.0,0.0,0.0,0.0,0.0,0.0,0.0,0.0,0.0,5.189898588188506,0.0,0.0,0.0,0.0,0.0,0.0,5.189898588188506,15087.0,0.0,0.0,0.0,0.0,0.0,0.0,0.0,0.0,9.29939683170942,0.0,0.0,0.0,0.0,0.0,0.0,0.0,4.109498243520912,0.0,0.0,0.0,0.0,0.0,4.109498243520912,0.021274974430238992,0.014266025013896623,-0.003490284602556976,-0.003103683713173989,-0.0011297065036131174
doublemm5,0.0,0.0,0.0,0.0,0.0,0.0,0.0,0.0,0.0,0.0,5.837698717032145,0.0,0.0,0.0,0.0,0.0,0.0,5.837698717032145,76931.0,0.0,0.0,0.0,0.0,0.0,0.0,0.0,0.0,10.770690618866256,0.0,0.0,0.0,0.0,0.0,0.0,0.0,4.932991901834111,0.0,0.0,0.0,0.0,0.0,4.932991901834111,0.010208478426768438,0.010496082966441656,-0.006032125330202522,-0.015215354074943715,-0.004264459935427119
teeeeepick,0.0,0.0,0.0,0.0,0.0,0.0,0.0,0.0,0.0,0.0,4.998197765228884,0.0,0.0,0.0,0.0,0.0,0.0,4.998197765228884,24969.0,0.0,0.0,0.0,0.0,0.0,0.0,0.0,0.0,8.542592815090712,0.0,0.0,0.0,0.0,0.0,0.0,0.0,3.5443950498618286,0.0,0.0,0.0,0.0,0.0,3.5443950498618286,0.04115033574529674,0.013332944524843246,-0.008535954172696576,-0.0035274211287988455,0.00392137867824409
el__phill,0.0,0.0,0.0,0.0,0.0,0.0,0.0,0.0,0.0,0.0,6.56850527972716,0.0,0.0,0.0,0.0,0.0,0.0,6.56850527972716,30494.0,0.0,0.0,0.0,0.0,0.0,0.0,0.0,0.0,12.445071161539975,0.0,0.0,0.0,0.0,0.0,0.0,0.0,5.876565881812816,0.0,0.0,0.0,0.0,0.0,5.876565881812816,0.02843754051647382,0.018826855446720157,-0.00772150044523596,-0.014760841495992912,-0.004071949243098842
MorrisonKason,0.0,0.0,0.0,0.0,0.0,0.0,0.0,0.0,0.0,0.0,6.677265500794912,0.0,0.0,0.0,0.0,0.0,0.0,6.677265500794912,5661.0,0.0,0.0,0.0,0.0,0.0,0.0,0.0,0.0,9.238650415121004,0.0,0.0,0.0,0.0,0.0,0.0,0.0,2.5613849143260907,0.0,0.0,0.0,0.0,0.0,2.5613849143260907,0.020116372681281608,0.0155794957841484,-0.005632961214165261,-0.028086689713322087,-0.01133773861720068
FuadaMoHotta,0.0,0.0,0.0,0.0,0.0,0.0,0.0,0.0,0.0,0.0,7.655086848635236,0.0,0.0,0.0,0.0,0.0,0.0,7.655086848635236,16120.0,0.0,0.0,0.0,0.0,0.0,0.0,0.0,0.0,11.581885856079404,0.0,0.0,0.0,0.0,0.0,0.0,0.0,3.9267990074441688,0.0,0.0,0.0,0.0,0.0,3.9267990074441688,0.029162520807061748,0.010855464691046663,-0.01099749117276166,-0.023575331651954617,-0.009701656368221935
raymondsimsjr,0.0,0.0,0.0,0.0,0.0,0.0,0.0,0.0,0.0,0.0,5.660432156133829,0.0,0.0,0.0,0.0,0.0,0.0,5.660432156133829,34432.0,0.0,0.0,0.0,0.0,0.0,0.0,0.0,0.0,9.444702602230484,0.0,0.0,0.0,0.0,0.0,0.0,0.0,3.784270446096654,0.0,0.0,0.0,0.0,0.0,3.784270446096654,0.02143297633262268,0.009141936460554391,-0.004742888486140707,-0.014506423667377387,-0.005013995522388056
angmazzella,0.0,0.0,0.0,0.0,0.0,0.0,0.0,0.0,0.0,0.0,4.672265662708756,0.0,0.0,0.0,0.0,0.0,0.0,4.672265662708756,10359.0,0.0,0.0,0.0,0.0,0.0,0.0,0.0,0.0,10.599478714161599,0.0,0.0,0.0,0.0,0.0,0.0,0.0,5.927213051452843,0.0,0.0,0.0,0.0,0.0,5.927213051452843,0.004367420909090918,0.031101735454545486,-0.0030794645454545436,-0.0003143100000000006,0.0025546218181818174
cuntney_,0.0,0.0,0.0,0.0,0.0,0.0,0.0,0.0,0.0,0.0,6.8281025967819025,0.0,0.0,0.0,0.0,0.0,0.0,6.8281025967819025,31385.0,0.0,0.0,0.0,0.0,0.0,0.0,0.0,0.0,11.314322128405289,0.0,0.0,0.0,0.0,0.0,0.0,0.0,4.486219531623387,0.0,0.0,0.0,0.0,0.0,4.486219531623387,0.023803882225953525,0.008204719117294325,-0.01155291388822262,-0.01645525689613815,-0.008819876469177267
devankathryn,0.0,0.0,0.0,0.0,0.0,0.0,0.0,0.0,0.0,0.0,6.230687401854009,0.0,0.0,0.0,0.0,0.0,0.0,6.230687401854009,39482.0,0.0,0.0,0.0,0.0,0.0,0.0,0.0,0.0,10.067879033483612,0.0,0.0,0.0,0.0,0.0,0.0,0.0,3.8371916316296035,0.0,0.0,0.0,0.0,0.0,3.8371916316296035,0.030872198865038388,0.01330149148778685,-0.009428778435726618,-0.019269389834690346,-0.007941210954848246
LillianHopkins_,0.0,0.0,0.0,0.0,0.0,0.0,0.0,0.0,0.0,0.0,6.4099074578116495,0.0,0.0,0.0,0.0,0.0,0.0,6.4099074578116495,7348.0,0.0,0.0,0.0,0.0,0.0,0.0,0.0,0.0,11.867174741426238,0.0,0.0,0.0,0.0,0.0,0.0,0.0,5.457267283614589,0.0,0.0,0.0,0.0,0.0,5.457267283614589,0.0374287472118959,0.011770389095415116,-0.009365532837670382,-0.009021786864931849,-0.0039221239157373
ToriRae_,0.0,0.0,0.0,0.0,0.0,0.0,0.0,0.0,0.0,0.0,6.119203080529047,0.0,0.0,0.0,0.0,0.0,0.0,6.119203080529047,23892.0,0.0,0.0,0.0,0.0,0.0,0.0,0.0,0.0,10.907416708521682,0.0,0.0,0.0,0.0,0.0,0.0,0.0,4.788213627992634,0.0,0.0,0.0,0.0,0.0,4.788213627992634,0.023717561403508627,0.021359806627680434,-0.0038807177387914105,-0.014119146198830406,-0.0050997976608187145
ByronHearst,0.0,0.0,0.0,0.0,0.0,0.0,0.0,0.0,0.0,0.0,3.198887343532684,0.0,0.0,0.0,0.0,0.0,0.0,3.198887343532684,5033.0,0.0,0.0,0.0,0.0,0.0,0.0,0.0,0.0,8.523743294257898,0.0,0.0,0.0,0.0,0.0,0.0,0.0,5.324855950725214,0.0,0.0,0.0,0.0,0.0,5.324855950725214,-0.01348924291497974,0.014733285425101203,-0.00028950202429149765,-0.004259036437246963,0.0016841518218623482
Devkelly2,0.0,0.0,0.0,0.0,0.0,0.0,0.0,0.0,0.0,0.0,5.694590139367601,0.0,0.0,0.0,0.0,0.0,0.0,5.694590139367601,20019.0,0.0,0.0,0.0,0.0,0.0,0.0,0.0,0.0,9.43104051151406,0.0,0.0,0.0,0.0,0.0,0.0,0.0,3.736450372146461,0.0,0.0,0.0,0.0,0.0,3.736450372146461,0.01410129420505198,0.015231447994056464,-0.005183177563150061,-0.016351622213967302,-0.006474561664190182
sortino172,0.0,0.0,0.0,0.0,0.0,0.0,0.0,0.0,0.0,0.0,5.322195704057279,0.0,0.0,0.0,0.0,0.0,0.0,5.322195704057279,8380.0,0.0,0.0,0.0,0.0,0.0,0.0,0.0,0.0,9.928400954653938,0.0,0.0,0.0,0.0,0.0,0.0,0.0,4.606205250596659,0.0,0.0,0.0,0.0,0.0,4.606205250596659,0.022471134963768097,0.011857085144927539,-0.006850957427536236,-0.008871392210144921,-0.003663703804347827
JClancy_YBG,0.0,0.0,0.0,0.0,0.0,0.0,0.0,0.0,0.0,0.0,2.52661687589385,0.0,0.0,0.0,0.0,0.0,0.0,2.52661687589385,18879.0,0.0,0.0,0.0,0.0,0.0,0.0,0.0,0.0,5.355156523120928,0.0,0.0,0.0,0.0,0.0,0.0,0.0,2.828539647227078,0.0,0.0,0.0,0.0,0.0,2.828539647227078,0.018249882878411904,0.006946730024813899,-0.00015456129032258043,-0.0044866967741935505,-0.0009568208436724562
ColinBrunner,0.0,0.0,0.0,0.0,0.0,0.0,0.0,0.0,0.0,0.0,4.994921983196381,0.0,0.0,0.0,0.0,0.0,0.0,4.994921983196381,10831.0,0.0,0.0,0.0,0.0,0.0,0.0,0.0,0.0,8.844981996122241,0.0,0.0,0.0,0.0,0.0,0.0,0.0,3.850060012925861,0.0,0.0,0.0,0.0,0.0,3.850060012925861,0.014014337470449166,0.007739476359338059,-0.008116044326241134,-0.017153731678487005,-0.008390334515366426
joe_capuano123,0.0,0.0,0.0,0.0,0.0,0.0,0.0,0.0,0.0,0.0,4.777433556171531,0.0,0.0,0.0,0.0,0.0,0.0,4.777433556171531,6133.0,0.0,0.0,0.0,0.0,0.0,0.0,0.0,0.0,10.696233490950595,0.0,0.0,0.0,0.0,0.0,0.0,0.0,5.918799934779064,0.0,0.0,0.0,0.0,0.0,5.918799934779064,0.013019021516393442,0.01134269467213115,-0.0018426854508196704,-0.006605405737704928,-0.002251933401639343
DirtyMike73,0.0,0.0,0.0,0.0,0.0,0.0,0.0,0.0,0.0,0.0,2.7196083763937993,0.0,0.0,0.0,0.0,0.0,0.0,2.7196083763937993,3677.0,0.0,0.0,0.0,0.0,0.0,0.0,0.0,0.0,6.663040522164808,0.0,0.0,0.0,0.0,0.0,0.0,0.0,3.943432145771009,0.0,0.0,0.0,0.0,0.0,3.943432145771009,-0.005197608988764044,0.012055874157303373,-0.0013942044943820225,-0.01194984719101123,-0.0041655797752808985
TD_Kirton,0.0,0.0,0.0,0.0,0.0,0.0,0.0,0.0,0.0,0.0,4.242598172860764,0.0,0.0,0.0,0.0,0.0,0.0,4.242598172860764,20907.0,0.0,0.0,0.0,0.0,0.0,0.0,0.0,0.0,7.834696513129574,0.0,0.0,0.0,0.0,0.0,0.0,0.0,3.5920983402688096,0.0,0.0,0.0,0.0,0.0,3.5920983402688096,0.021495246234067202,0.019195367902665142,-0.0012827074159907298,-0.004070487253765935,0.0032782132097334852
MrTrungie,0.0,0.0,0.0,0.0,0.0,0.0,0.0,0.0,0.0,0.0,5.813229944476355,0.0,0.0,0.0,0.0,0.0,0.0,5.813229944476355,41784.0,0.0,0.0,0.0,0.0,0.0,0.0,0.0,0.0,9.312176909821941,0.0,0.0,0.0,0.0,0.0,0.0,0.0,3.4989469653455867,0.0,0.0,0.0,0.0,0.0,3.4989469653455867,0.021519552142110873,0.007521944618599804,-0.008001620689655138,-0.018547909299895523,-0.008635941483803594
alyssaaamarie__,0.0,0.0,0.0,0.0,0.0,0.0,0.0,0.0,0.0,0.0,4.9722243955872,0.0,0.0,0.0,0.0,0.0,0.0,4.9722243955872,25562.0,0.0,0.0,0.0,0.0,0.0,0.0,0.0,0.0,10.589938189500039,0.0,0.0,0.0,0.0,0.0,0.0,0.0,5.61771379391284,0.0,0.0,0.0,0.0,0.0,5.61771379391284,0.024613953006219776,0.02496604975812026,-0.00512586765722183,-0.0016252764340013892,0.000759442639944714
MarSiyaaa_Xoxo,0.0,0.0,0.0,0.0,0.0,0.0,0.0,0.0,0.0,0.0,7.176028306059266,0.0,0.0,0.0,0.0,0.0,0.0,7.176028306059266,18088.0,0.0,0.0,0.0,0.0,0.0,0.0,0.0,0.0,11.958204334365325,0.0,0.0,0.0,0.0,0.0,0.0,0.0,4.7821760283060595,0.0,0.0,0.0,0.0,0.0,4.7821760283060595,0.030564688868188045,0.005061649278062412,-0.009295521192361428,-0.022646025151373962,-0.010602707033069387
haber028,0.0,0.0,0.0,0.0,0.0,0.0,0.0,0.0,0.0,0.0,4.7927192193231365,0.0,0.0,0.0,0.0,0.0,0.0,4.7927192193231365,28898.0,0.0,0.0,0.0,0.0,0.0,0.0,0.0,0.0,9.350128036542321,0.0,0.0,0.0,0.0,0.0,0.0,0.0,4.5574088172191844,0.0,0.0,0.0,0.0,0.0,4.5574088172191844,0.020408099050632886,0.006857874683544306,-0.004827251265822776,-0.00574494556962025,-0.002470279113924052
ASAP_BORN_WILD,0.0,0.0,0.0,0.0,0.0,0.0,0.0,0.0,0.0,0.0,6.293382693197594,0.0,0.0,0.0,0.0,0.0,0.0,6.293382693197594,21610.0,0.0,0.0,0.0,0.0,0.0,0.0,0.0,0.0,10.323924109208699,0.0,0.0,0.0,0.0,0.0,0.0,0.0,4.030541416011106,0.0,0.0,0.0,0.0,0.0,4.030541416011106,0.010292411502632557,0.008770418793033637,-0.004279034021871201,-0.014705389631429696,-0.004814912515188329
rach2369,0.0,0.0,0.0,0.0,0.0,0.0,0.0,0.0,0.0,0.0,6.62530550855424,0.0,0.0,0.0,0.0,0.0,0.0,6.62530550855424,53190.0,0.0,0.0,0.0,0.0,0.0,0.0,0.0,0.0,11.797330325249106,0.0,0.0,0.0,0.0,0.0,0.0,0.0,5.172024816694868,0.0,0.0,0.0,0.0,0.0,5.172024816694868,0.029342100438153152,0.012152285979103486,-0.008584010448264257,-0.021724947084597206,-0.006526149983147991
_Owee,0.0,0.0,0.0,0.0,0.0,0.0,0.0,0.0,0.0,0.0,5.975575321191585,0.0,0.0,0.0,0.0,0.0,0.0,5.975575321191585,56664.0,0.0,0.0,0.0,0.0,0.0,0.0,0.0,0.0,11.1146406889736,0.0,0.0,0.0,0.0,0.0,0.0,0.0,5.139065367782013,0.0,0.0,0.0,0.0,0.0,5.139065367782013,0.019739697560087397,0.010490416970138387,-0.004569117261471212,-0.02065248033503282,-0.005319812090313176
rosycheeksx3,0.0,0.0,0.0,0.0,0.0,0.0,0.0,0.0,0.0,0.0,5.229070954568657,0.0,0.0,0.0,0.0,0.0,0.0,5.229070954568657,31344.0,0.0,0.0,0.0,0.0,0.0,0.0,0.0,0.0,10.199719244512506,0.0,0.0,0.0,0.0,0.0,0.0,0.0,4.970648289943849,0.0,0.0,0.0,0.0,0.0,4.970648289943849,0.025583263740317226,0.016991733677609765,-0.007509286978974544,-0.01396748063445226,-0.003533380302471408
iamChoan,0.0,0.0,0.0,0.0,0.0,0.0,0.0,0.0,0.0,0.0,2.8704612365063786,0.0,0.0,0.0,0.0,0.0,0.0,2.8704612365063786,8152.0,0.0,0.0,0.0,0.0,0.0,0.0,0.0,0.0,6.121197252208047,0.0,0.0,0.0,0.0,0.0,0.0,0.0,3.2507360157016683,0.0,0.0,0.0,0.0,0.0,3.2507360157016683,0.009209501244813276,0.007713229875518677,0.00037401576763485477,-0.00013035186721991707,0.0037271925311203324
EvryoneH8sChris,0.0,0.0,0.0,0.0,0.0,0.0,0.0,0.0,0.0,0.0,4.982274599980838,0.0,0.0,0.0,0.0,0.0,0.0,4.982274599980838,198303.0,0.0,0.0,0.0,0.0,0.0,0.0,0.0,0.0,8.034169931871933,0.0,0.0,0.0,0.0,0.0,0.0,0.0,3.051895331891096,0.0,0.0,0.0,0.0,0.0,3.051895331891096,0.021622252999200273,0.011073691015729031,-0.0061015368568382135,-0.01630732991202336,-0.004944613169821421
daniellejdougs,0.0,0.0,0.0,0.0,0.0,0.0,0.0,0.0,0.0,0.0,6.982616296008546,0.0,0.0,0.0,0.0,0.0,0.0,6.982616296008546,10297.0,0.0,0.0,0.0,0.0,0.0,0.0,0.0,0.0,12.178304360493348,0.0,0.0,0.0,0.0,0.0,0.0,0.0,5.195688064484801,0.0,0.0,0.0,0.0,0.0,5.195688064484801,0.018643298859934848,0.013613266286644962,-0.014464813517915297,-0.023199393322475562,-0.010124792345276858
GinaRegatuso,0.0,0.0,0.0,0.0,0.0,0.0,0.0,0.0,0.0,0.0,5.408216328653146,0.0,0.0,0.0,0.0,0.0,0.0,5.408216328653146,5769.0,0.0,0.0,0.0,0.0,0.0,0.0,0.0,0.0,8.857687640838966,0.0,0.0,0.0,0.0,0.0,0.0,0.0,3.4494713121858207,0.0,0.0,0.0,0.0,0.0,3.4494713121858207,0.023946932299012683,0.0047645952045133975,-0.009558344146685473,-0.008434743300423136,-0.004609998589562766
SongeLoveJordan,0.0,0.0,0.0,0.0,0.0,0.0,0.0,0.0,0.0,0.0,7.027352485807673,0.0,0.0,0.0,0.0,0.0,0.0,7.027352485807673,34878.0,0.0,0.0,0.0,0.0,0.0,0.0,0.0,0.0,12.056310568266529,0.0,0.0,0.0,0.0,0.0,0.0,0.0,5.028958082458857,0.0,0.0,0.0,0.0,0.0,5.028958082458857,0.03370061403508778,0.016832941212680856,-0.008019061865189265,-0.03241401754385969,-0.011263244998461071
LustinJarson,0.0,0.0,0.0,0.0,0.0,0.0,0.0,0.0,0.0,0.0,4.892761394101877,0.0,0.0,0.0,0.0,0.0,0.0,4.892761394101877,17904.0,0.0,0.0,0.0,0.0,0.0,0.0,0.0,0.0,9.578865058087578,0.0,0.0,0.0,0.0,0.0,0.0,0.0,4.686103663985701,0.0,0.0,0.0,0.0,0.0,4.686103663985701,0.021766921401236327,0.006659939652634671,-0.004888076243744476,-0.004994329408301444,-0.004625938180747725
taylornicole396,0.0,0.0,0.0,0.0,0.0,0.0,0.0,0.0,0.0,0.0,4.581169263550406,0.0,0.0,0.0,0.0,0.0,0.0,4.581169263550406,7509.0,0.0,0.0,0.0,0.0,0.0,0.0,0.0,0.0,9.82820615261686,0.0,0.0,0.0,0.0,0.0,0.0,0.0,5.247036889066454,0.0,0.0,0.0,0.0,0.0,5.247036889066454,0.013227428815004267,0.009724449275362314,-0.005658247229326515,-0.0035643930093776748,-0.0007545933503836313
WhoTfIsBobby,0.0,0.0,0.0,0.0,0.0,0.0,0.0,0.0,0.0,0.0,5.492292482882355,0.0,0.0,0.0,0.0,0.0,0.0,5.492292482882355,27311.0,0.0,0.0,0.0,0.0,0.0,0.0,0.0,0.0,10.025264545421258,0.0,0.0,0.0,0.0,0.0,0.0,0.0,4.532972062538904,0.0,0.0,0.0,0.0,0.0,4.532972062538904,0.014030334734313993,0.014018701290903627,-0.0037640609426598617,-0.013684687181026702,-0.006241866106274376
kweitz03,0.0,0.0,0.0,0.0,0.0,0.0,0.0,0.0,0.0,0.0,4.8504047870468145,0.0,0.0,0.0,0.0,0.0,0.0,4.8504047870468145,14205.0,0.0,0.0,0.0,0.0,0.0,0.0,0.0,0.0,9.222104892643435,0.0,0.0,0.0,0.0,0.0,0.0,0.0,4.371700105596621,0.0,0.0,0.0,0.0,0.0,4.371700105596621,0.03617115767634851,0.009469761825726139,-0.005077128630705394,0.0001953626556016596,0.00304256182572614
fardanallen,0.0,0.0,0.0,0.0,0.0,0.0,0.0,0.0,0.0,0.0,4.238210113050471,0.0,0.0,0.0,0.0,0.0,0.0,4.238210113050471,42282.0,0.0,0.0,0.0,0.0,0.0,0.0,0.0,0.0,9.651861312142282,0.0,0.0,0.0,0.0,0.0,0.0,0.0,5.413651199091812,0.0,0.0,0.0,0.0,0.0,5.413651199091812,0.006408607783827377,0.01535220367009484,0.0009803329300262188,-0.003297673119580562,0.0006050693688243601
lilbanks14,0.0,0.0,0.0,0.0,0.0,0.0,0.0,0.0,0.0,0.0,6.496150980879066,0.0,0.0,0.0,0.0,0.0,0.0,6.496150980879066,20135.0,0.0,0.0,0.0,0.0,0.0,0.0,0.0,0.0,10.111745716414203,0.0,0.0,0.0,0.0,0.0,0.0,0.0,3.615594735535138,0.0,0.0,0.0,0.0,0.0,3.615594735535138,-0.003105435028248572,0.03646815617433412,-0.0037634148506860365,-0.024126109362389,-0.007291042372881342
DanUpdike37,0.0,0.0,0.0,0.0,0.0,0.0,0.0,0.0,0.0,0.0,6.780265221731071,0.0,0.0,0.0,0.0,0.0,0.0,6.780265221731071,14026.0,0.0,0.0,0.0,0.0,0.0,0.0,0.0,0.0,10.309425352916014,0.0,0.0,0.0,0.0,0.0,0.0,0.0,3.529160131184942,0.0,0.0,0.0,0.0,0.0,3.529160131184942,0.057883104639684026,0.006921877591312929,-0.01500229911154984,-0.02154274333662388,-0.009670159921026652
bakershorty1022,0.0,0.0,0.0,0.0,0.0,0.0,0.0,0.0,0.0,0.0,5.580998563218391,0.0,0.0,0.0,0.0,0.0,0.0,5.580998563218391,133632.0,0.0,0.0,0.0,0.0,0.0,0.0,0.0,0.0,9.85841714559387,0.0,0.0,0.0,0.0,0.0,0.0,0.0,4.277418582375479,0.0,0.0,0.0,0.0,0.0,4.277418582375479,0.025772760878900493,0.012741012811336886,-0.005786515531062128,-0.006798164972802697,-0.002071891210993408
codyjlott,0.0,0.0,0.0,0.0,0.0,0.0,0.0,0.0,0.0,0.0,3.9947974730583424,0.0,0.0,0.0,0.0,0.0,0.0,3.9947974730583424,5382.0,0.0,0.0,0.0,0.0,0.0,0.0,0.0,0.0,8.435525826830174,0.0,0.0,0.0,0.0,0.0,0.0,0.0,4.440728353771832,0.0,0.0,0.0,0.0,0.0,4.440728353771832,0.014853625178826905,0.008947041487839771,-0.001864377682403434,-0.01044113161659514,-0.000982111587982833
Makaylove03,0.0,0.0,0.0,0.0,0.0,0.0,0.0,0.0,0.0,0.0,6.060355518809425,0.0,0.0,0.0,0.0,0.0,0.0,6.060355518809425,24190.0,0.0,0.0,0.0,0.0,0.0,0.0,0.0,0.0,10.434063662670525,0.0,0.0,0.0,0.0,0.0,0.0,0.0,4.3737081438611,0.0,0.0,0.0,0.0,0.0,4.3737081438611,0.036100328761429795,0.011446863258520377,-0.012894948046550302,-0.012999993349958452,-0.0014422481296758115
chella9_,0.0,0.0,0.0,0.0,0.0,0.0,0.0,0.0,0.0,0.0,6.5373840398584155,0.0,0.0,0.0,0.0,0.0,0.0,6.5373840398584155,59611.0,0.0,0.0,0.0,0.0,0.0,0.0,0.0,0.0,11.133851134857661,0.0,0.0,0.0,0.0,0.0,0.0,0.0,4.596467094999245,0.0,0.0,0.0,0.0,0.0,4.596467094999245,0.030287279327731155,0.01271825075630253,-0.01004379949579833,-0.013142475798319302,-0.006125744705882367
Rs668000,0.0,0.0,0.0,0.0,0.0,0.0,0.0,0.0,0.0,0.0,7.10461505514509,0.0,0.0,0.0,0.0,0.0,0.0,7.10461505514509,93390.0,0.0,0.0,0.0,0.0,0.0,0.0,0.0,0.0,10.841631866366848,0.0,0.0,0.0,0.0,0.0,0.0,0.0,3.7370168112217583,0.0,0.0,0.0,0.0,0.0,3.7370168112217583,0.024699099004822124,0.014501157279162803,-0.015347420642249074,-0.023977818200471835,-0.014037344208474358
tricks9494,0.0,0.0,0.0,0.0,0.0,0.0,0.0,0.0,0.0,0.0,6.801058081662843,0.0,0.0,0.0,0.0,0.0,0.0,6.801058081662843,79767.0,0.0,0.0,0.0,0.0,0.0,0.0,0.0,0.0,10.316296212719546,0.0,0.0,0.0,0.0,0.0,0.0,0.0,3.5152381310567025,0.0,0.0,0.0,0.0,0.0,3.5152381310567025,-0.008275368980612922,0.019599102095059405,-0.020131490619137198,-0.03587721982489052,-0.020671618042526506
KaylaEmmi,0.0,0.0,0.0,0.0,0.0,0.0,0.0,0.0,0.0,0.0,5.661790221540373,0.0,0.0,0.0,0.0,0.0,0.0,5.661790221540373,54753.0,0.0,0.0,0.0,0.0,0.0,0.0,0.0,0.0,10.125472576845105,0.0,0.0,0.0,0.0,0.0,0.0,0.0,4.463682355304732,0.0,0.0,0.0,0.0,0.0,4.463682355304732,0.01679015147361208,0.0106044087731323,-0.00902528416723785,-0.01658911583276214,-0.007593808498971982
reanneee16,0.0,0.0,0.0,0.0,0.0,0.0,0.0,0.0,0.0,0.0,5.878597957288765,0.0,0.0,0.0,0.0,0.0,0.0,5.878597957288765,17232.0,0.0,0.0,0.0,0.0,0.0,0.0,0.0,0.0,8.820798514391829,0.0,0.0,0.0,0.0,0.0,0.0,0.0,2.9422005571030643,0.0,0.0,0.0,0.0,0.0,2.9422005571030643,0.03460007036011075,0.011126321329639885,-0.009070699722991678,-0.009202822714681444,-0.0019869977839335196
Javiee_McCoy,0.0,0.0,0.0,0.0,0.0,0.0,0.0,0.0,0.0,0.0,5.949892359052759,0.0,0.0,0.0,0.0,0.0,0.0,5.949892359052759,32051.0,0.0,0.0,0.0,0.0,0.0,0.0,0.0,0.0,9.856166734267262,0.0,0.0,0.0,0.0,0.0,0.0,0.0,3.906274375214502,0.0,0.0,0.0,0.0,0.0,3.906274375214502,0.036495388404825885,0.01232515482573727,-0.006931697050938321,-0.020844362265415528,-0.008598943699731887
_samoyaa,0.0,0.0,0.0,0.0,0.0,0.0,0.0,0.0,0.0,0.0,4.26460239268121,0.0,0.0,0.0,0.0,0.0,0.0,4.26460239268121,21315.0,0.0,0.0,0.0,0.0,0.0,0.0,0.0,0.0,8.374384236453203,0.0,0.0,0.0,0.0,0.0,0.0,0.0,4.109781843771992,0.0,0.0,0.0,0.0,0.0,4.109781843771992,0.03168265026595747,0.006972169769503547,-0.002936571808510641,-0.003592364804964542,-0.00037481914893617023
ToniiMedinna,0.0,0.0,0.0,0.0,0.0,0.0,0.0,0.0,0.0,0.0,6.7162657969832855,0.0,0.0,0.0,0.0,0.0,0.0,6.7162657969832855,9812.0,0.0,0.0,0.0,0.0,0.0,0.0,0.0,0.0,10.069302894415003,0.0,0.0,0.0,0.0,0.0,0.0,0.0,3.353037097431716,0.0,0.0,0.0,0.0,0.0,3.353037097431716,0.016773647222222212,0.010118231250000005,-0.009206905555555553,-0.011881844444444447,-0.004684400694444442
_tataxoxo,0.0,0.0,0.0,0.0,0.0,0.0,0.0,0.0,0.0,0.0,6.508363051886081,0.0,0.0,0.0,0.0,0.0,0.0,6.508363051886081,79636.0,0.0,0.0,0.0,0.0,0.0,0.0,0.0,0.0,9.925159475614043,0.0,0.0,0.0,0.0,0.0,0.0,0.0,3.416796423727962,0.0,0.0,0.0,0.0,0.0,3.416796423727962,0.021968324132948136,0.024306766618497084,-0.00978180780346823,-0.03377439436416182,-0.012086493352601188
annniiieee_,0.0,0.0,0.0,0.0,0.0,0.0,0.0,0.0,0.0,0.0,6.769529453839473,0.0,0.0,0.0,0.0,0.0,0.0,6.769529453839473,19573.0,0.0,0.0,0.0,0.0,0.0,0.0,0.0,0.0,11.715117764267102,0.0,0.0,0.0,0.0,0.0,0.0,0.0,4.94558831042763,0.0,0.0,0.0,0.0,0.0,4.94558831042763,0.032355419661733595,0.00949485465116279,-0.011949062896405922,-0.01488428171247359,-0.00690905073995772
JuanYouWant22,0.0,0.0,0.0,0.0,0.0,0.0,0.0,0.0,0.0,0.0,5.64941208271388,0.0,0.0,0.0,0.0,0.0,0.0,5.64941208271388,7399.0,0.0,0.0,0.0,0.0,0.0,0.0,0.0,0.0,9.406676577915935,0.0,0.0,0.0,0.0,0.0,0.0,0.0,3.757264495202054,0.0,0.0,0.0,0.0,0.0,3.757264495202054,0.012283499999999987,0.006965908477842007,-0.0036103545279383494,-0.018750920038535637,-0.005906502890173418
chessymarie16,0.0,0.0,0.0,0.0,0.0,0.0,0.0,0.0,0.0,0.0,5.992840411897291,0.0,0.0,0.0,0.0,0.0,0.0,5.992840411897291,22627.0,0.0,0.0,0.0,0.0,0.0,0.0,0.0,0.0,10.59795819154108,0.0,0.0,0.0,0.0,0.0,0.0,0.0,4.6051177796437885,0.0,0.0,0.0,0.0,0.0,4.6051177796437885,0.023819653364116053,0.011592462730870747,-0.007802376649076518,-0.010655712071240109,-0.006482250329815305
acuerrrr,0.0,0.0,0.0,0.0,0.0,0.0,0.0,0.0,0.0,0.0,6.13640805159273,0.0,0.0,0.0,0.0,0.0,0.0,6.13640805159273,5117.0,0.0,0.0,0.0,0.0,0.0,0.0,0.0,0.0,11.276138362321673,0.0,0.0,0.0,0.0,0.0,0.0,0.0,5.139730310728943,0.0,0.0,0.0,0.0,0.0,5.139730310728943,0.0241463751914242,0.019627670750382836,-0.006539447166921901,-0.00773201990811639,-0.0031731761102603367
princesss_becca,0.0,0.0,0.0,0.0,0.0,0.0,0.0,0.0,0.0,0.0,8.38720254824808,0.0,0.0,0.0,0.0,0.0,0.0,8.38720254824808,42696.0,0.0,0.0,0.0,0.0,0.0,0.0,0.0,0.0,12.263443882330897,0.0,0.0,0.0,0.0,0.0,0.0,0.0,3.876241334082818,0.0,0.0,0.0,0.0,0.0,3.876241334082818,0.03686268388383964,0.01557282243405011,-0.014277318998004902,-0.018240376413212137,-0.009040170915539816
libbyweglarz,0.0,0.0,0.0,0.0,0.0,0.0,0.0,0.0,0.0,0.0,5.738379267791032,0.0,0.0,0.0,0.0,0.0,0.0,5.738379267791032,4862.0,0.0,0.0,0.0,0.0,0.0,0.0,0.0,0.0,10.448375154257507,0.0,0.0,0.0,0.0,0.0,0.0,0.0,4.709995886466475,0.0,0.0,0.0,0.0,0.0,4.709995886466475,0.019234726618705036,0.012874953237410072,-0.0061408363309352525,-0.004371539568345324,0.000530512589928057
Rico1Suaves0,0.0,0.0,0.0,0.0,0.0,0.0,0.0,0.0,0.0,0.0,5.070770922083276,0.0,0.0,0.0,0.0,0.0,0.0,5.070770922083276,7277.0,0.0,0.0,0.0,0.0,0.0,0.0,0.0,0.0,9.055929641335716,0.0,0.0,0.0,0.0,0.0,0.0,0.0,3.985158719252439,0.0,0.0,0.0,0.0,0.0,3.985158719252439,0.019832220839813355,0.02856610730948679,0.001519528771384139,-0.028384194401244175,-0.004749530326594092
